Topic,Focus,Source,
Research,gloves,How nitrile and vinyl gloves are made ,
Research,gloves,Nitrile Gloves Frequently Asked Questions And Answers,
Research,shortage,A Global Shortage in PPE Raw Materials Is Threatening Critical Glove Supply,
Research,N95,Why Cant America Make Enough N95 Masks 6 Months Into Pandemic,
Research,Polyurethane,What are polyurethanes ,
API,Export Variables,Export Variables,
API,Import Variables,Imports Variables,
API,Trade statistics,Trade Data Analysis,
API,ITA,ExporterDB,
HTS,HTS Book,HTS Codes,
Census,Timeseries,Timeseries list,
